evidence,source_log,run_id,workload,method,capacity_pct,host_ns,guest_ns,model_ns,deadline_ns,deadline_miss,completed
synthetic,synthetic:make_examples.py,example-0,example-only,mttcg,20,500000000,500000000,,150000000,1,1
synthetic,synthetic:make_examples.py,example-1,example-only,mttcg,20,515000000,505000000,,150000000,1,1
synthetic,synthetic:make_examples.py,example-2,example-only,mttcg,20,530000000,510000000,,150000000,1,0
synthetic,synthetic:make_examples.py,example-3,example-only,mttcg,40,250000000,250000000,,150000000,1,1
synthetic,synthetic:make_examples.py,example-4,example-only,mttcg,40,257500000,252500000,,150000000,1,1
synthetic,synthetic:make_examples.py,example-5,example-only,mttcg,40,265000000,255000000,,150000000,1,1
synthetic,synthetic:make_examples.py,example-6,example-only,mttcg,60,166666666,166666666,,150000000,1,1
synthetic,synthetic:make_examples.py,example-7,example-only,mttcg,60,171666666,168333333,,150000000,1,1
synthetic,synthetic:make_examples.py,example-8,example-only,mttcg,60,176666666,170000000,,150000000,1,1
synthetic,synthetic:make_examples.py,example-9,example-only,mttcg,80,125000000,125000000,,150000000,0,1
synthetic,synthetic:make_examples.py,example-10,example-only,mttcg,80,128750000,126250000,,150000000,0,1
synthetic,synthetic:make_examples.py,example-11,example-only,mttcg,80,132500000,127500000,,150000000,0,1
synthetic,synthetic:make_examples.py,example-12,example-only,mttcg,100,100000000,100000000,,150000000,0,1
synthetic,synthetic:make_examples.py,example-13,example-only,mttcg,100,103000000,101000000,,150000000,0,1
synthetic,synthetic:make_examples.py,example-14,example-only,mttcg,100,106000000,102000000,,150000000,0,1
synthetic,synthetic:make_examples.py,example-15,example-only,slowtime,20,500000000,250000000,,150000000,1,1
synthetic,synthetic:make_examples.py,example-16,example-only,slowtime,20,515000000,252500000,,150000000,1,1
synthetic,synthetic:make_examples.py,example-17,example-only,slowtime,20,530000000,255000000,,150000000,1,1
synthetic,synthetic:make_examples.py,example-18,example-only,slowtime,40,250000000,125000000,,150000000,0,1
synthetic,synthetic:make_examples.py,example-19,example-only,slowtime,40,257500000,126250000,,150000000,0,1
synthetic,synthetic:make_examples.py,example-20,example-only,slowtime,40,265000000,127500000,,150000000,0,1
synthetic,synthetic:make_examples.py,example-21,example-only,slowtime,60,166666666,83333333,,150000000,0,1
synthetic,synthetic:make_examples.py,example-22,example-only,slowtime,60,171666666,84166666,,150000000,0,1
synthetic,synthetic:make_examples.py,example-23,example-only,slowtime,60,176666666,85000000,,150000000,0,1
synthetic,synthetic:make_examples.py,example-24,example-only,slowtime,80,125000000,62500000,,150000000,0,1
synthetic,synthetic:make_examples.py,example-25,example-only,slowtime,80,128750000,63125000,,150000000,0,1
synthetic,synthetic:make_examples.py,example-26,example-only,slowtime,80,132500000,63750000,,150000000,0,1
synthetic,synthetic:make_examples.py,example-27,example-only,slowtime,100,100000000,50000000,,150000000,0,1
synthetic,synthetic:make_examples.py,example-28,example-only,slowtime,100,103000000,50500000,,150000000,0,1
synthetic,synthetic:make_examples.py,example-29,example-only,slowtime,100,106000000,51000000,,150000000,0,1
synthetic,synthetic:make_examples.py,example-30,example-only,icount,20,500000000,100000000,,150000000,0,1
synthetic,synthetic:make_examples.py,example-31,example-only,icount,20,515000000,101000000,,150000000,0,1
synthetic,synthetic:make_examples.py,example-32,example-only,icount,20,530000000,102000000,,150000000,0,1
synthetic,synthetic:make_examples.py,example-33,example-only,icount,40,250000000,100000000,,150000000,0,1
synthetic,synthetic:make_examples.py,example-34,example-only,icount,40,257500000,101000000,,150000000,0,1
synthetic,synthetic:make_examples.py,example-35,example-only,icount,40,265000000,102000000,,150000000,0,1
synthetic,synthetic:make_examples.py,example-36,example-only,icount,60,166666666,100000000,,150000000,0,1
synthetic,synthetic:make_examples.py,example-37,example-only,icount,60,171666666,101000000,,150000000,0,1
synthetic,synthetic:make_examples.py,example-38,example-only,icount,60,176666666,102000000,,150000000,0,1
synthetic,synthetic:make_examples.py,example-39,example-only,icount,80,125000000,100000000,,150000000,0,1
synthetic,synthetic:make_examples.py,example-40,example-only,icount,80,128750000,101000000,,150000000,0,1
synthetic,synthetic:make_examples.py,example-41,example-only,icount,80,132500000,102000000,,150000000,0,1
synthetic,synthetic:make_examples.py,example-42,example-only,icount,100,100000000,100000000,,150000000,0,1
synthetic,synthetic:make_examples.py,example-43,example-only,icount,100,103000000,101000000,,150000000,0,1
synthetic,synthetic:make_examples.py,example-44,example-only,icount,100,106000000,102000000,,150000000,0,1
synthetic,synthetic:make_examples.py,example-45,example-only,skew,20,500000000,100000000,100000000,150000000,0,1
synthetic,synthetic:make_examples.py,example-46,example-only,skew,20,515000000,101000000,100000000,150000000,0,1
synthetic,synthetic:make_examples.py,example-47,example-only,skew,20,530000000,102000000,100000000,150000000,0,1
synthetic,synthetic:make_examples.py,example-48,example-only,skew,40,250000000,100000000,100000000,150000000,0,1
synthetic,synthetic:make_examples.py,example-49,example-only,skew,40,257500000,101000000,100000000,150000000,0,1
synthetic,synthetic:make_examples.py,example-50,example-only,skew,40,265000000,102000000,100000000,150000000,0,1
synthetic,synthetic:make_examples.py,example-51,example-only,skew,60,166666666,100000000,100000000,150000000,0,1
synthetic,synthetic:make_examples.py,example-52,example-only,skew,60,171666666,101000000,100000000,150000000,0,1
synthetic,synthetic:make_examples.py,example-53,example-only,skew,60,176666666,102000000,100000000,150000000,0,1
synthetic,synthetic:make_examples.py,example-54,example-only,skew,80,125000000,100000000,100000000,150000000,0,1
synthetic,synthetic:make_examples.py,example-55,example-only,skew,80,128750000,101000000,100000000,150000000,0,1
synthetic,synthetic:make_examples.py,example-56,example-only,skew,80,132500000,102000000,100000000,150000000,0,1
synthetic,synthetic:make_examples.py,example-57,example-only,skew,100,100000000,100000000,100000000,150000000,0,1
synthetic,synthetic:make_examples.py,example-58,example-only,skew,100,103000000,101000000,100000000,150000000,0,1
synthetic,synthetic:make_examples.py,example-59,example-only,skew,100,106000000,102000000,100000000,150000000,0,1
