evidence,source_log,run_id,workload,method,vcpus,work_mode,host_ns,instructions,completed
synthetic,synthetic:make_examples.py,example-0,example-only,mttcg,1,fixed_total,1000000000,200000000,1
synthetic,synthetic:make_examples.py,example-1,example-only,mttcg,1,fixed_total,1030000000,200000000,1
synthetic,synthetic:make_examples.py,example-2,example-only,mttcg,1,fixed_total,1060000000,200000000,1
synthetic,synthetic:make_examples.py,example-3,example-only,mttcg,2,fixed_total,606060606,200000000,1
synthetic,synthetic:make_examples.py,example-4,example-only,mttcg,2,fixed_total,624242424,200000000,1
synthetic,synthetic:make_examples.py,example-5,example-only,mttcg,2,fixed_total,642424242,200000000,1
synthetic,synthetic:make_examples.py,example-6,example-only,mttcg,4,fixed_total,338983050,200000000,1
synthetic,synthetic:make_examples.py,example-7,example-only,mttcg,4,fixed_total,349152542,200000000,1
synthetic,synthetic:make_examples.py,example-8,example-only,mttcg,4,fixed_total,359322033,200000000,1
synthetic,synthetic:make_examples.py,example-9,example-only,mttcg,8,fixed_total,180180180,200000000,1
synthetic,synthetic:make_examples.py,example-10,example-only,mttcg,8,fixed_total,185585585,200000000,1
synthetic,synthetic:make_examples.py,example-11,example-only,mttcg,8,fixed_total,190990990,200000000,1
synthetic,synthetic:make_examples.py,example-12,example-only,icount,1,fixed_total,2400000000,200000000,1
synthetic,synthetic:make_examples.py,example-13,example-only,icount,1,fixed_total,2472000000,200000000,1
synthetic,synthetic:make_examples.py,example-14,example-only,icount,1,fixed_total,2544000000,200000000,1
synthetic,synthetic:make_examples.py,example-15,example-only,icount,2,fixed_total,2400000000,200000000,1
synthetic,synthetic:make_examples.py,example-16,example-only,icount,2,fixed_total,2472000000,200000000,1
synthetic,synthetic:make_examples.py,example-17,example-only,icount,2,fixed_total,2544000000,200000000,1
synthetic,synthetic:make_examples.py,example-18,example-only,icount,4,fixed_total,2400000000,200000000,1
synthetic,synthetic:make_examples.py,example-19,example-only,icount,4,fixed_total,2472000000,200000000,1
synthetic,synthetic:make_examples.py,example-20,example-only,icount,4,fixed_total,2544000000,200000000,1
synthetic,synthetic:make_examples.py,example-21,example-only,icount,8,fixed_total,2400000000,200000000,1
synthetic,synthetic:make_examples.py,example-22,example-only,icount,8,fixed_total,2472000000,200000000,1
synthetic,synthetic:make_examples.py,example-23,example-only,icount,8,fixed_total,2544000000,200000000,1
synthetic,synthetic:make_examples.py,example-24,example-only,skew,1,fixed_total,1200000000,200000000,1
synthetic,synthetic:make_examples.py,example-25,example-only,skew,1,fixed_total,1236000000,200000000,1
synthetic,synthetic:make_examples.py,example-26,example-only,skew,1,fixed_total,1272000000,200000000,1
synthetic,synthetic:make_examples.py,example-27,example-only,skew,2,fixed_total,727272727,200000000,1
synthetic,synthetic:make_examples.py,example-28,example-only,skew,2,fixed_total,749090909,200000000,1
synthetic,synthetic:make_examples.py,example-29,example-only,skew,2,fixed_total,770909090,200000000,1
synthetic,synthetic:make_examples.py,example-30,example-only,skew,4,fixed_total,406779661,200000000,1
synthetic,synthetic:make_examples.py,example-31,example-only,skew,4,fixed_total,418983050,200000000,1
synthetic,synthetic:make_examples.py,example-32,example-only,skew,4,fixed_total,431186440,200000000,1
synthetic,synthetic:make_examples.py,example-33,example-only,skew,8,fixed_total,216216216,200000000,1
synthetic,synthetic:make_examples.py,example-34,example-only,skew,8,fixed_total,222702702,200000000,1
synthetic,synthetic:make_examples.py,example-35,example-only,skew,8,fixed_total,229189189,200000000,1
