evidence,source_log,run_id,workload,window_insns,sim_ips,host_ns,instructions,max_active_spread_insns,max_lead_insns,wait_count,budget_exit_count
synthetic,synthetic:make_examples.py,example-0,example-only,1000,200000000,2000000000,200000000,600,900,10000,20000
synthetic,synthetic:make_examples.py,example-1,example-only,1000,200000000,2040000000,200000000,630,900,10000,20000
synthetic,synthetic:make_examples.py,example-2,example-only,1000,200000000,2080000000,200000000,659,900,10000,20000
synthetic,synthetic:make_examples.py,example-3,example-only,10000,200000000,1800000000,200000000,6000,9000,5000,20000
synthetic,synthetic:make_examples.py,example-4,example-only,10000,200000000,1836000000,200000000,6300,9000,5000,20000
synthetic,synthetic:make_examples.py,example-5,example-only,10000,200000000,1872000000,200000000,6599,9000,5000,20000
synthetic,synthetic:make_examples.py,example-6,example-only,100000,200000000,1600000000,200000000,60000,90000,3333,20000
synthetic,synthetic:make_examples.py,example-7,example-only,100000,200000000,1632000000,200000000,63000,90000,3333,20000
synthetic,synthetic:make_examples.py,example-8,example-only,100000,200000000,1664000000,200000000,65999,90000,3333,20000
synthetic,synthetic:make_examples.py,example-9,example-only,1000000,200000000,1400000000,200000000,600000,900000,2500,20000
synthetic,synthetic:make_examples.py,example-10,example-only,1000000,200000000,1428000000,200000000,630000,900000,2500,20000
synthetic,synthetic:make_examples.py,example-11,example-only,1000000,200000000,1456000000,200000000,659999,900000,2500,20000
synthetic,synthetic:make_examples.py,example-12,example-only,10000000,200000000,1200000000,200000000,6000000,9000000,2000,20000
synthetic,synthetic:make_examples.py,example-13,example-only,10000000,200000000,1224000000,200000000,6300000,9000000,2000,20000
synthetic,synthetic:make_examples.py,example-14,example-only,10000000,200000000,1248000000,200000000,6599999,9000000,2000,20000
