evidence,source_log,run_id,seq,host_ns,cpu,global_icount,model_ns,visible_ns,window_ns,slope_q32,event,counter_ticks
synthetic,synthetic:make_examples.py,schematic-one,0,0,0,0,0,0,500000,2147483648,update,0
synthetic,synthetic:make_examples.py,schematic-one,1,100000,1,0,0,50000,500000,2147483648,read,3125
synthetic,synthetic:make_examples.py,schematic-one,2,200000,0,0,0,100000,500000,2147483648,read,6250
synthetic,synthetic:make_examples.py,schematic-one,3,300000,1,0,0,150000,500000,2147483648,read,9375
synthetic,synthetic:make_examples.py,schematic-one,4,400000,0,0,0,200000,500000,2147483648,read,12500
synthetic,synthetic:make_examples.py,schematic-one,5,500000,1,0,0,250000,500000,2147483648,read,15625
synthetic,synthetic:make_examples.py,schematic-one,6,600000,0,0,0,300000,500000,2147483648,read,18750
synthetic,synthetic:make_examples.py,schematic-one,7,700000,1,0,0,350000,500000,2147483648,read,21875
synthetic,synthetic:make_examples.py,schematic-one,8,800000,0,0,0,400000,500000,2147483648,read,25000
synthetic,synthetic:make_examples.py,schematic-one,9,900000,1,0,0,450000,500000,2147483648,read,28125
synthetic,synthetic:make_examples.py,schematic-one,10,1000000,0,0,0,500000,500000,2147483648,bound_hit,31250
synthetic,synthetic:make_examples.py,schematic-one,11,1100000,1,0,0,500000,500000,2147483648,bound_hit,31250
synthetic,synthetic:make_examples.py,schematic-one,12,1200000,0,0,0,500000,500000,2147483648,bound_hit,31250
synthetic,synthetic:make_examples.py,schematic-one,13,1300000,1,0,0,500000,500000,2147483648,bound_hit,31250
synthetic,synthetic:make_examples.py,schematic-one,14,1400000,0,0,0,500000,500000,2147483648,bound_hit,31250
synthetic,synthetic:make_examples.py,schematic-one,15,1500000,1,0,0,500000,500000,2147483648,bound_hit,31250
synthetic,synthetic:make_examples.py,schematic-one,16,1600000,0,0,0,500000,500000,2147483648,bound_hit,31250
synthetic,synthetic:make_examples.py,schematic-one,17,1700000,1,0,0,500000,500000,2147483648,bound_hit,31250
synthetic,synthetic:make_examples.py,schematic-one,18,1800000,0,0,0,500000,500000,2147483648,bound_hit,31250
synthetic,synthetic:make_examples.py,schematic-one,19,1900000,1,0,0,500000,500000,2147483648,bound_hit,31250
synthetic,synthetic:make_examples.py,schematic-one,20,2000000,0,100000,500000,500000,500000,1717986918,update,31250
synthetic,synthetic:make_examples.py,schematic-one,21,2100000,1,100000,500000,540000,500000,1717986918,read,33750
synthetic,synthetic:make_examples.py,schematic-one,22,2200000,0,100000,500000,580000,500000,1717986918,read,36250
synthetic,synthetic:make_examples.py,schematic-one,23,2300000,1,100000,500000,620000,500000,1717986918,read,38750
synthetic,synthetic:make_examples.py,schematic-one,24,2400000,0,100000,500000,660000,500000,1717986918,read,41250
synthetic,synthetic:make_examples.py,schematic-one,25,2500000,1,100000,500000,700000,500000,1717986918,read,43750
synthetic,synthetic:make_examples.py,schematic-one,26,2600000,0,100000,500000,740000,500000,1717986918,read,46250
synthetic,synthetic:make_examples.py,schematic-one,27,2700000,1,100000,500000,780000,500000,1717986918,read,48750
synthetic,synthetic:make_examples.py,schematic-one,28,2800000,0,100000,500000,820000,500000,1717986918,read,51250
synthetic,synthetic:make_examples.py,schematic-one,29,2900000,1,100000,500000,860000,500000,1717986918,read,53750
synthetic,synthetic:make_examples.py,schematic-one,30,3000000,0,100000,500000,900000,500000,1717986918,read,56250
synthetic,synthetic:make_examples.py,schematic-one,31,3100000,1,100000,500000,940000,500000,1717986918,read,58750
synthetic,synthetic:make_examples.py,schematic-one,32,3200000,0,100000,500000,980000,500000,1717986918,read,61250
synthetic,synthetic:make_examples.py,schematic-one,33,3300000,1,100000,500000,1000000,500000,1717986918,bound_hit,62500
synthetic,synthetic:make_examples.py,schematic-one,34,3400000,0,100000,500000,1000000,500000,1717986918,bound_hit,62500
synthetic,synthetic:make_examples.py,schematic-one,35,3500000,1,100000,500000,1000000,500000,1717986918,bound_hit,62500
synthetic,synthetic:make_examples.py,schematic-one,36,3600000,0,100000,500000,1000000,500000,1717986918,bound_hit,62500
synthetic,synthetic:make_examples.py,schematic-one,37,3700000,1,100000,500000,1000000,500000,1717986918,bound_hit,62500
synthetic,synthetic:make_examples.py,schematic-one,38,3800000,0,100000,500000,1000000,500000,1717986918,bound_hit,62500
synthetic,synthetic:make_examples.py,schematic-one,39,3900000,1,100000,500000,1000000,500000,1717986918,bound_hit,62500
synthetic,synthetic:make_examples.py,schematic-one,40,4000000,0,200000,1000000,1000000,500000,3221225472,update,62500
synthetic,synthetic:make_examples.py,schematic-one,41,4100000,1,200000,1000000,1075000,500000,3221225472,read,67187
synthetic,synthetic:make_examples.py,schematic-one,42,4200000,0,200000,1000000,1150000,500000,3221225472,read,71875
synthetic,synthetic:make_examples.py,schematic-one,43,4300000,1,200000,1000000,1225000,500000,3221225472,read,76562
synthetic,synthetic:make_examples.py,schematic-one,44,4400000,0,200000,1000000,1300000,500000,3221225472,read,81250
synthetic,synthetic:make_examples.py,schematic-one,45,4500000,1,200000,1000000,1375000,500000,3221225472,read,85937
synthetic,synthetic:make_examples.py,schematic-one,46,4600000,0,200000,1000000,1450000,500000,3221225472,read,90625
synthetic,synthetic:make_examples.py,schematic-one,47,4700000,1,200000,1000000,1500000,500000,3221225472,bound_hit,93750
synthetic,synthetic:make_examples.py,schematic-one,48,4800000,0,200000,1000000,1500000,500000,3221225472,bound_hit,93750
synthetic,synthetic:make_examples.py,schematic-one,49,4900000,1,200000,1000000,1500000,500000,3221225472,bound_hit,93750
synthetic,synthetic:make_examples.py,schematic-one,50,5000000,0,200000,1000000,1500000,500000,3221225472,bound_hit,93750
synthetic,synthetic:make_examples.py,schematic-one,51,5100000,1,200000,1000000,1500000,500000,3221225472,bound_hit,93750
synthetic,synthetic:make_examples.py,schematic-one,52,5200000,0,200000,1000000,1500000,500000,3221225472,bound_hit,93750
synthetic,synthetic:make_examples.py,schematic-one,53,5300000,1,200000,1000000,1500000,500000,3221225472,bound_hit,93750
synthetic,synthetic:make_examples.py,schematic-one,54,5400000,0,200000,1000000,1500000,500000,3221225472,bound_hit,93750
synthetic,synthetic:make_examples.py,schematic-one,55,5500000,1,200000,1000000,1500000,500000,3221225472,bound_hit,93750
synthetic,synthetic:make_examples.py,schematic-one,56,5600000,0,200000,1000000,1500000,500000,3221225472,bound_hit,93750
synthetic,synthetic:make_examples.py,schematic-one,57,5700000,1,200000,1000000,1500000,500000,3221225472,bound_hit,93750
synthetic,synthetic:make_examples.py,schematic-one,58,5800000,0,200000,1000000,1500000,500000,3221225472,bound_hit,93750
synthetic,synthetic:make_examples.py,schematic-one,59,5900000,1,200000,1000000,1500000,500000,3221225472,bound_hit,93750
synthetic,synthetic:make_examples.py,schematic-one,60,6000000,0,300000,1500000,1500000,500000,1073741824,update,93750
